h;type;phase;Acroloxus_sp;Aeshna_sp;Agabus_sp_Ad;Anacaena_sp_Ad;Anisus_sp;Aplexa_sp;Asellus_sp;Baetis_sp;Batracobdelloides_sp;Berosus_sp_Lv;Bidessus_sp_Ad;Bithynia_sp;Caenis_sp;Ceratopogonidae_Gen_sp;Cercyon_sp_Ad;Chironomidae_Gen_sp;Cloeon_sp;Coenagrion_sp;Colymbetes_sp_Lv;Copelatus_sp_Ad;Copelatus_sp_Lv;Corixidae_Gen_sp;Culicidae_Gen_sp;Curculionidae_Gen_sp_Ad;Cymatia_sp;Cymbiodyta_sp_Ad;Dina_sp;Dryops_sp_Ad;Dytiscidae_Gen_sp_Lv;Enochrus_sp_Ad;Ephydridae_Gen_sp;Erpobdella_sp;Erpobdellidae_Gen_sp;Gerridae_Gen_sp;Glossiphonia_sp;Glossiphoniidae_Gen_sp;Glyphotaelius_sp;Grammotaulius_sp;Gyraulus_sp;Haemopis_sp;Haliplus_sp_Lv;Helobdella_sp;Helochares_sp_Ad;Helophorus_sp_Ad;Hemiclepsis_sp;Hesperocorixa_sp;Hirudo_sp;Hydaticus_sp_Lv;Hydrobius_sp_Ad;Hydrochara_sp_Ad;Hydrochara_sp_Lv;Hydroglyphus_sp_Ad;Hydrometra_sp;Hydrophilidae_Gen_sp_Lv;Hydrophilus_sp_Lv;Hydroporus_sp_Ad;Hydropsyche_sp;Hydroptila_sp;Hygrotus_sp_Ad;Hyphydrus_sp_Ad;Hyphydrus_sp_Lv;Ilybius_sp_Ad;Ilyocoris_sp;Ironoquia_sp;Ischnura_sp;Laccophilus_sp_Ad;Leptoceridae_Gen_sp;Lestes_sp;Libellula_sp;Libellulidae_Gen_sp;Limnephilidae_Gen_sp;Limnephilus_sp;Lymnaea_sp;Lymnaeidae_Gen_sp;Mesovelia_sp;Metreletus_sp;Micronecta_sp;Muscidae_Gen_sp;Musculium_sp;Nepa_sp;Niphargus_sp;Noterus_sp_Ad;Notonecta_sp;Notonectidae_Gen_sp;Oecetis_sp;Orchestia_sp;Orthetrum_sp;Oxyethira_sp;Paraleptophlebia_sp;Peltodytes_sp_Ad;Physa_sp;Physella_sp;Physidae_Gen_sp;Pisidium_sp;Planorbarius_sp;Planorbis_sp;Platambus_sp_Ad;Platycnemis_sp;Plea_sp;Porhydrus_sp_Lv;Potamophilus_sp_Lv;Radix_sp;Ranatra_sp;Rhantus_sp_Lv;Sigara_sp;Simuliidae_Gen_sp;Spercheus_sp_Ad;Sphaerium_sp;Stagnicola_sp;Stratiomyidae_Gen_sp;Sympetrum_sp;Tabanidae_Gen_sp;Tipulidae_Gen_sp;Valvata_sp;Viviparus_sp
BAR03;int;flow;0;0;0;0;262.4;0;28.8;0;0;0;0;0;0;0;0;1248;0;0;0;0;0;0;0;0;0;0;3.2;0;3.2;0;0;0;0;0;0;0;0;0;0;0;0;0;0;0;0;6.4;0;0;0;0;0;0;0;0;0;0;0;0;0;3.2;0;0;0;0;0;0;3.2;0;0;0;16;0;0;12.8;0;0;0;0;0;0;0;0;0;0;0;0;0;0;0;0;128;0;0;28.8;121.6;214.4;0;0;0;0;0;0;0;0;0;0;0;0;0;0;0;0;0;0;3.2
BAR04;int;flow;0;0;0;0;3.2;0;80;0;0;0;0;0;0;0;0;160;0;0;0;0;0;0;0;0;0;0;3.2;0;3.2;0;0;0;3.2;0;0;0;0;0;0;0;0;0;0;0;0;0;0;0;0;0;0;0;0;0;0;0;0;0;0;0;0;0;0;0;0;0;0;0;0;0;0;3.2;0;0;0;19.2;0;0;0;0;9.6;0;3.2;0;0;0;0;0;0;0;12.8;0;0;38.4;48;28.8;0;0;0;0;0;0;0;0;0;3.2;0;0;0;0;0;0;0;0;0
BAR05;int;flow;3.2;0;0;0;35.2;0;70.4;0;0;0;0;0;0;0;0;76.8;9.6;0;0;0;0;0;0;0;0;0;0;3.2;3.2;0;0;0;0;0;0;0;0;0;0;0;0;0;0;6.4;0;0;0;0;0;0;0;0;0;0;0;6.4;0;0;0;0;0;0;0;0;0;0;0;0;3.2;0;0;3.2;3.2;0;0;48;0;0;0;0;9.6;0;0;0;0;0;0;0;758.4;0;16;0;0;48;57.6;112;0;0;0;0;0;0;0;0;0;0;0;0;0;3.2;0;0;0;0;0
BAR06;int;pool;0;0;0;0;156.8;0;32;0;0;0;0;0;0;0;3.2;16;0;0;0;0;0;0;0;0;0;0;0;0;0;0;0;0;3.2;9.6;0;0;0;0;0;0;0;0;0;6.4;0;3.2;0;0;0;0;3.2;0;0;0;0;0;0;0;0;0;0;0;0;0;0;0;0;0;0;0;0;0;6.4;0;0;44.8;0;0;0;0;0;3.2;0;73.6;0;0;0;0;0;0;83.2;0;0;35.2;51.2;32;0;0;0;0;0;0;0;0;0;0;0;0;0;0;9.6;0;0;0;0
BAR07;int;flow;0;0;0;0;448;0;1148.8;0;0;0;0;0;0;0;0;259.2;6.4;0;0;0;0;0;0;22.4;0;0;0;3.2;0;0;0;0;3.2;0;0;3.2;0;0;0;0;3.2;0;0;3.2;0;0;0;0;0;0;0;0;0;0;0;0;0;0;0;0;19.2;0;0;0;0;0;0;3.2;0;0;0;0;0;70.4;0;0;0;0;0;0;163.2;3.2;0;0;0;0;0;0;0;0;428.8;0;0;0;166.4;579.2;0;0;0;0;0;3.2;0;0;0;0;0;0;9.6;0;6.4;0;0;0;3.2
BAR08;int;flow;16;0;0;6.4;217.6;0;841.6;0;0;0;0;0;0;0;0;3.2;38.4;0;0;0;0;0;3.2;0;0;0;9.6;0;0;0;0;0;0;0;0;0;0;0;0;0;0;0;0;0;0;0;0;0;0;0;0;3.2;0;0;0;3.2;0;0;0;0;0;0;3.2;0;0;0;0;0;0;0;0;0;0;19.2;0;0;0;0;0;0;108.8;0;0;0;0;0;0;0;0;0;339.2;0;0;80;41.6;348.8;0;0;0;0;0;0;0;0;0;0;0;0;0;0;0;0;0;0;0
BRA03;int;pool;0;0;3.2;0;32;0;38.4;0;0;0;0;0;0;0;0;32;0;0;0;0;0;0;0;0;0;0;0;0;22.4;0;0;0;0;0;0;0;0;0;0;0;0;0;0;3.2;0;0;0;0;0;0;0;0;0;0;0;0;0;0;0;0;0;0;0;0;0;0;0;0;0;0;0;3.2;0;12.8;0;0;0;0;0;0;0;0;0;0;0;0;0;0;0;0;0;0;0;0;0;0;0;0;0;0;0;3.2;0;0;0;0;0;0;0;0;0;0;0;0;0
BRA04;int;pool;0;0;0;0;32;0;22.4;0;0;0;0;0;0;0;0;3.2;0;0;0;0;0;0;0;0;0;0;0;3.2;41.6;0;0;0;0;0;0;0;0;0;0;0;0;0;0;12.8;0;0;0;0;3.2;0;0;0;0;0;0;0;0;0;0;0;0;0;0;0;0;0;0;0;0;0;0;0;0;0;0;0;0;0;0;0;0;0;0;0;0;0;0;0;0;0;0;0;0;0;0;0;0;0;0;19.2;0;3.2;0;0;0;0;0;0;0;0;0;0;0;0;0
BRA07;int;flow;0;0;0;0;179.2;0;38.4;0;0;0;0;0;0;0;0;19.2;16;0;0;0;0;0;406.4;0;0;3.2;0;0;0;0;0;0;0;0;0;0;0;0;0;0;0;0;0;12.8;0;0;0;0;0;0;22.4;0;0;16;0;0;0;0;3.2;0;0;0;0;0;0;3.2;0;0;0;0;0;0;0;32;0;0;0;0;0;0;0;0;0;0;0;0;0;0;0;0;0;0;0;0;0;0;0;0;0;0;0;0;0;0;0;0;0;0;0;0;0;0;0;0;0
BRA11;int;flow;0;0;3.2;0;28.8;0;12.8;0;0;0;0;0;0;0;0;0;0;0;0;0;0;0;0;0;0;0;0;0;0;0;0;0;0;0;0;0;0;0;0;0;0;0;0;0;0;0;0;0;0;0;0;0;0;0;0;0;0;0;0;0;0;0;0;0;0;0;0;0;0;0;0;0;0;9.6;0;0;0;9.6;0;0;0;0;0;0;0;0;0;0;0;0;0;0;0;0;0;652.8;0;0;0;0;0;0;0;0;0;0;3.2;0;0;0;0;0;0;0;0
BRA12;int;pool;0;0;0;0;32;0;16;0;0;0;0;0;0;0;0;0;0;0;0;0;0;0;0;0;0;0;0;0;6.4;0;0;0;0;0;0;0;0;0;0;0;0;0;0;0;0;0;0;0;0;0;0;0;0;0;0;0;0;0;0;0;0;0;0;0;0;0;0;0;0;0;3.2;0;0;0;0;0;0;0;0;0;0;0;0;0;0;0;0;0;0;0;0;0;0;0;6.4;57.6;0;0;0;3.2;0;0;0;0;0;0;0;0;0;0;0;0;0;0;0
KAT04;int;flow;0;0;0;3.2;12.8;0;25.6;0;0;0;0;0;0;0;0;22.4;0;0;3.2;0;0;0;0;0;0;0;0;0;0;0;0;0;0;0;0;0;0;0;0;0;0;0;0;6.4;0;0;0;0;6.4;0;0;0;0;0;3.2;0;0;0;0;0;0;0;0;0;0;0;0;0;0;0;3.2;0;0;0;0;3.2;0;0;0;0;0;0;0;0;0;0;0;0;0;0;0;3.2;0;0;0;48;0;0;0;0;0;0;0;0;0;0;0;0;0;0;0;0;3.2;16;0
KAT05;int;pool;3.2;0;0;0;131.2;0;22.4;0;0;0;0;0;0;0;0;0;0;0;0;0;0;0;9.6;0;0;0;0;0;12.8;0;0;0;0;0;0;0;3.2;3.2;9.6;0;0;0;0;22.4;0;0;0;0;0;0;0;0;0;0;0;0;0;0;0;0;0;0;0;3.2;0;0;0;0;0;0;19.2;0;0;0;0;566.4;0;0;0;0;0;0;0;0;0;0;0;0;0;0;6.4;0;3.2;0;0;28.8;0;0;0;0;0;9.6;0;0;0;0;0;0;0;0;0;0;0;25.6;0
KAT07;int;pool;0;0;0;0;345.6;0;9.6;0;0;0;0;0;0;0;0;6.4;0;0;0;0;0;0;6.4;0;0;0;0;6.4;0;0;3.2;0;0;0;0;0;0;0;0;0;0;0;0;0;0;0;0;0;0;0;0;0;0;0;0;0;0;0;0;0;0;0;0;0;0;0;0;0;0;0;0;0;0;0;0;0;0;0;0;0;0;0;0;0;0;3.2;0;0;3.2;0;3.2;0;0;0;0;96;0;0;0;0;0;9.6;0;0;0;0;0;0;0;3.2;3.2;0;0;3.2;0
KOD03;per;per;0;0;0;0;3.2;0;60.8;0;0;0;0;12.8;0;12.8;0;28.8;6.4;0;0;0;0;0;0;0;0;0;0;0;0;0;0;6.4;0;0;6.4;0;0;0;0;0;0;54.4;0;0;0;0;0;0;0;0;0;0;0;0;0;0;0;0;0;0;0;0;0;0;0;0;0;0;0;0;0;0;0;0;0;0;0;0;0;0;0;0;0;0;0;0;0;0;0;0;0;0;0;0;3.2;0;0;0;0;0;0;0;0;0;0;0;0;6.4;0;0;0;0;0;0;0
KOD04;per;per;0;0;0;0;0;0;60.8;0;0;0;0;0;0;12.8;0;124.8;25.6;0;0;0;0;0;0;0;0;0;0;0;0;0;0;3.2;0;0;6.4;0;0;0;0;0;0;12.8;0;0;0;3.2;0;0;0;0;0;0;0;0;0;0;0;0;3.2;0;0;0;0;0;0;0;0;0;0;0;0;0;0;3.2;0;0;0;0;0;0;0;0;0;0;0;0;0;0;0;16;0;0;0;3.2;0;0;0;0;0;0;0;0;0;0;0;0;0;0;0;3.2;0;0;0;3.2;0
KOD05;per;per;0;0;3.2;0;0;0;16;0;0;0;0;19.2;0;48;0;60.8;6.4;0;0;0;0;0;0;0;0;0;0;0;0;0;0;0;0;0;0;0;0;0;0;0;3.2;6.4;0;0;0;0;0;0;0;0;0;0;0;0;0;0;0;0;0;0;0;0;0;0;0;0;0;0;0;0;0;0;0;0;0;0;0;0;0;0;0;0;0;3.2;0;0;0;0;0;0;0;0;0;6.4;0;0;0;0;0;0;0;0;0;0;0;0;0;0;0;0;0;0;0;0;0
KOD06;per;per;0;0;0;0;0;0;355.2;0;0;0;0;70.4;3.2;3.2;0;16;16;0;0;0;0;115.2;0;0;0;0;0;0;9.6;0;0;3.2;0;0;28.8;0;0;0;0;0;0;64;0;25.6;0;0;0;0;0;0;0;0;0;0;0;3.2;0;0;0;0;12.8;0;3.2;0;0;0;0;0;0;0;0;0;0;0;0;0;0;0;0;0;0;0;0;12.8;0;0;0;0;0;0;3.2;0;0;16;6.4;0;0;0;0;0;0;0;0;0;12.8;0;0;0;0;0;6.4;0;0;0;0
KOD07;per;per;0;0;0;0;3.2;0;652.8;0;3.2;0;0;9.6;0;3.2;0;492.8;102.4;0;0;0;0;6.4;0;0;0;0;0;0;9.6;0;0;16;0;0;9.6;25.6;0;0;0;0;12.8;35.2;0;3.2;3.2;3.2;0;0;0;0;9.6;0;0;0;0;0;0;0;0;0;6.4;0;16;0;0;0;0;0;0;0;0;0;6.4;0;0;0;0;3.2;0;0;0;0;3.2;6.4;0;0;0;0;0;3.2;6.4;0;0;0;3.2;0;0;0;38.4;3.2;89.6;0;3.2;0;6.4;0;0;3.2;3.2;3.2;0;0;0;22.4;0
KOD08;per;per;0;0;0;0;3.2;0;73.6;0;0;0;0;0;0;0;0;3.2;563.2;0;0;0;0;102.4;6.4;0;0;0;0;0;9.6;0;0;0;9.6;0;0;9.6;0;0;0;0;32;28.8;0;6.4;0;19.2;0;0;0;0;0;9.6;0;0;0;0;0;0;0;0;9.6;0;25.6;0;0;0;0;0;0;0;0;0;3.2;0;0;0;0;0;0;0;0;3.2;0;0;0;0;0;0;0;0;0;0;0;0;6.4;0;0;0;6.4;0;0;0;0;0;25.6;0;0;0;0;0;0;0;0;0;0
KOD09;per;per;0;0;0;0;3.2;0;412.8;0;0;0;0;25.6;3.2;0;0;0;320;76.8;0;0;0;3.2;3.2;0;0;3.2;0;0;0;0;6.4;0;9.6;3.2;12.8;0;0;0;0;0;19.2;9.6;0;0;0;0;0;0;0;3.2;0;3.2;0;0;0;0;0;0;0;0;0;3.2;9.6;0;0;0;0;0;0;0;0;0;3.2;0;3.2;0;0;0;0;0;0;0;0;0;0;0;0;0;0;3.2;3.2;0;0;6.4;0;0;0;0;32;0;6.4;0;0;0;19.2;0;0;0;0;3.2;0;0;0;0;3.2
KOD10;per;per;0;0;0;0;6.4;0;2214.4;0;6.4;0;0;83.2;3.2;0;0;0;256;323.2;0;0;0;0;0;0;0;0;0;0;19.2;0;0;6.4;28.8;0;12.8;0;0;0;0;0;16;12.8;0;0;0;9.6;0;0;0;0;0;0;0;0;0;3.2;0;0;0;0;0;0;12.8;0;0;0;0;0;0;0;0;0;0;3.2;0;0;0;0;0;0;6.4;3.2;0;0;0;0;0;0;0;0;28.8;0;0;0;6.4;0;0;0;12.8;0;12.8;9.6;0;0;0;0;0;3.2;0;0;0;0;0;0;0
KOD11;per;per;0;0;0;0;0;0;227.2;0;0;0;0;9.6;3.2;3.2;0;3.2;3.2;3.2;0;0;0;0;0;0;0;0;0;0;0;0;0;25.6;0;0;19.2;0;0;0;0;0;0;19.2;0;0;0;0;0;0;0;0;0;0;0;0;0;0;0;0;0;0;0;0;0;0;0;0;0;0;0;0;0;0;0;0;0;0;0;0;0;0;0;0;0;0;0;0;3.2;0;0;0;0;0;0;0;0;0;0;0;0;0;0;0;0;0;0;0;0;12.8;0;0;0;0;0;0;0
KOD12;per;per;0;0;0;0;0;0;294.4;0;0;0;0;12.8;0;3.2;0;19.2;0;0;0;0;0;0;0;0;0;0;0;0;0;0;0;16;0;0;6.4;0;0;0;0;0;0;6.4;0;0;0;0;0;0;0;0;0;0;0;0;0;0;0;0;0;0;0;0;0;0;0;0;0;0;0;0;0;0;0;0;0;0;0;0;0;0;3.2;0;0;0;0;0;0;0;0;0;0;0;0;0;0;0;0;0;0;0;0;0;0;0;0;0;0;6.4;0;0;0;0;0;0;0
KON03;per;per;0;0;0;0;0;0;0;3.2;0;0;0;0;0;6.4;0;816;6.4;3.2;0;0;0;0;0;0;0;0;0;0;3.2;0;0;0;0;0;0;0;0;0;0;0;0;0;0;0;0;0;0;0;0;0;0;0;0;0;0;0;0;0;0;0;0;0;0;0;0;0;0;0;0;0;0;3.2;0;0;0;0;0;0;0;0;0;0;0;0;0;0;6.4;0;0;0;0;0;0;0;0;0;0;6.4;0;0;0;6.4;0;0;0;0;0;0;0;0;0;0;0;0;0
KON04;per;per;0;0;0;3.2;0;0;0;16;0;0;0;0;0;12.8;0;1449.6;182.4;6.4;0;0;0;0;0;0;0;6.4;0;16;0;3.2;0;0;0;0;0;0;0;0;0;0;0;0;0;0;0;0;0;0;0;0;0;0;0;0;0;0;0;0;0;0;0;0;0;0;0;0;0;0;3.2;0;6.4;6.4;0;0;0;0;0;0;0;0;0;0;0;0;0;0;9.6;0;0;0;0;0;0;0;0;0;0;3.2;0;0;0;0;0;12.8;0;6.4;0;0;0;0;0;0;3.2;0;0
KON05;per;per;0;0;0;6.4;0;0;0;3.2;0;0;0;0;0;6.4;0;656;9.6;6.4;0;0;0;3.2;0;0;0;0;0;0;0;0;0;0;0;3.2;0;0;0;0;0;0;3.2;0;0;6.4;0;0;0;0;0;0;12.8;0;0;0;0;0;0;0;0;0;0;0;0;0;3.2;0;0;0;9.6;0;0;0;0;0;0;0;0;0;0;0;0;0;0;3.2;3.2;0;0;0;0;0;0;0;0;0;0;0;0;0;0;0;0;0;0;0;0;0;0;0;0;0;0;0;0;0;0
KON06;per;per;0;0;0;0;0;0;0;60.8;0;0;0;6.4;6.4;0;0;352;0;6.4;0;0;0;0;3.2;0;0;3.2;0;3.2;0;0;0;0;6.4;0;0;0;0;0;0;0;12.8;0;0;67.2;0;0;0;0;0;0;6.4;0;0;0;0;0;28.8;0;0;0;0;0;0;0;9.6;6.4;0;0;0;0;0;0;0;0;0;0;0;0;0;0;0;0;0;3.2;0;0;0;0;0;0;0;0;0;0;0;0;6.4;0;0;0;0;48;0;0;0;0;0;0;0;3.2;19.2;0;0;0;0
KON07;per;per;0;0;0;0;0;0;9.6;243.2;0;0;0;0;3.2;0;0;0;153.6;0;0;0;0;0;0;0;9.6;0;0;0;6.4;0;0;0;0;25.6;0;0;0;0;0;0;28.8;0;0;6.4;0;0;0;0;0;0;12.8;0;3.2;0;0;0;0;0;3.2;0;0;0;16;0;0;6.4;0;0;0;0;0;0;0;0;0;0;28.8;0;0;0;0;0;0;3.2;0;0;0;0;0;0;0;0;0;0;3.2;0;0;0;16;0;0;48;0;0;3.2;0;0;0;0;0;32;0;0;0;0
KON08;per;per;182.4;0;0;0;0;0;3.2;0;0;0;0;188.8;0;0;0;32;22.4;3.2;0;0;0;0;3.2;0;0;0;0;0;3.2;6.4;0;35.2;0;0;3.2;0;0;0;0;0;16;38.4;0;0;0;0;0;0;0;0;0;3.2;0;0;0;0;0;0;0;0;0;0;41.6;0;3.2;19.2;0;0;0;0;0;0;0;0;0;0;0;0;0;0;0;0;0;0;0;0;0;0;0;0;0;0;0;0;3.2;0;0;0;0;0;0;153.6;0;0;0;0;0;0;0;0;0;0;0;0;0
KON09;per;per;454.4;0;0;0;0;0;28.8;166.4;0;3.2;0;118.4;0;0;0;12.8;112;60.8;0;0;0;19.2;0;0;0;0;0;0;0;3.2;0;0;12.8;0;0;0;0;0;0;0;0;16;3.2;0;0;0;3.2;0;0;6.4;0;0;0;0;0;0;0;0;0;0;0;0;3.2;0;0;6.4;0;0;0;0;0;0;0;0;0;0;0;0;0;0;0;0;0;0;0;0;0;0;0;0;6.4;0;0;6.4;3.2;0;0;0;0;0;3.2;204.8;0;0;0;35.2;0;0;0;0;0;3.2;0;0;0
KON10;per;per;51.2;0;0;0;0;0;300.8;3.2;0;0;0;172.8;83.2;0;0;99.2;275.2;83.2;0;0;0;16;0;0;0;0;0;0;0;0;0;28.8;16;0;3.2;3.2;0;0;0;0;0;0;0;0;3.2;3.2;0;0;0;0;0;0;0;0;0;0;0;0;0;0;0;0;0;0;0;0;0;0;0;0;0;0;0;0;0;0;0;0;3.2;0;0;0;19.2;0;0;0;0;0;0;0;22.4;0;0;54.4;19.2;0;0;6.4;0;0;25.6;214.4;0;0;9.6;0;0;0;0;0;0;0;0;0;0
KON11;per;per;38.4;0;0;0;0;0;176;115.2;0;0;0;25.6;25.6;0;0;172.8;342.4;19.2;0;0;0;0;0;0;0;0;0;0;16;0;0;51.2;19.2;0;0;0;0;0;0;0;0;22.4;0;0;0;0;0;0;0;0;0;0;0;0;0;0;0;0;0;0;0;0;0;0;0;0;0;0;0;0;0;0;0;0;0;0;0;0;0;0;3.2;0;16;0;0;0;0;3.2;0;0;16;0;0;32;0;0;0;3.2;0;0;0;28.8;0;0;6.4;16;0;0;0;0;0;0;0;0;0
KON12;per;per;22.4;0;0;0;0;0;192;137.6;0;0;0;0;28.8;0;0;252.8;1030.4;16;0;0;0;3.2;0;0;0;0;0;0;22.4;0;0;16;6.4;0;0;0;0;0;0;0;0;0;0;0;0;9.6;0;0;0;0;0;0;0;0;0;0;0;3.2;0;0;0;0;0;0;0;0;0;0;6.4;0;0;0;0;3.2;0;0;0;0;3.2;0;9.6;0;19.2;0;0;0;0;3.2;0;0;16;0;0;19.2;6.4;0;0;3.2;0;0;0;22.4;0;0;0;57.6;0;0;0;0;0;0;0;0;0
LET03;int;flow;0;3.2;0;0;368;0;3.2;0;0;0;0;985.6;0;0;0;307.2;0;0;0;0;0;0;0;0;0;0;0;0;0;0;0;0;0;0;0;0;0;3.2;0;0;0;0;0;3.2;0;0;0;0;0;0;0;0;0;0;0;0;0;0;0;0;0;0;0;0;0;0;0;0;0;0;12.8;0;0;0;0;0;0;0;0;0;0;0;0;0;0;0;0;0;0;0;19.2;0;0;0;73.6;86.4;0;0;0;0;0;9.6;0;0;0;0;0;0;3.2;0;0;0;0;99.2;0
LET04;int;flow;0;3.2;0;0;262.4;0;3.2;0;0;0;0;579.2;3.2;0;0;2188.8;3.2;0;0;0;0;0;19.2;0;0;0;3.2;6.4;317.2;3.2;0;0;0;0;0;0;0;0;0;0;0;0;0;9.6;0;0;0;0;0;0;0;0;0;0;0;0;0;0;0;0;0;0;0;0;0;0;0;0;0;64;0;51.2;0;0;0;384;0;0;0;3.2;0;0;0;0;0;0;0;0;0;0;12.8;0;0;3.2;105.6;198.4;0;0;0;3.2;0;0;0;22.4;0;0;0;0;48;41.6;0;3.2;0;137.6;9.6
LET05;int;pool;0;16;0;0;217.6;0;0;0;0;0;0;1049.6;0;0;0;0;0;0;0;3.2;0;0;6.4;0;0;0;0;0;3.2;0;0;0;0;0;0;0;0;0;0;0;0;0;0;19.2;0;0;0;0;0;0;9.6;0;0;0;0;0;0;0;0;0;0;0;0;0;0;3.2;0;3.2;0;0;0;0;6.4;0;0;0;0;0;0;0;0;3.2;0;6.4;0;0;0;0;118.4;3.2;6.4;0;0;0;28.8;147.2;0;0;0;0;0;0;0;0;0;0;0;0;12.8;0;57.6;0;0;102.4;35.2
LET06;int;pool;0;3.2;0;0;380.8;0;32;0;0;0;3.2;342.4;0;0;0;0;0;0;0;0;3.2;0;9.6;0;0;3.2;0;0;0;0;0;0;0;0;0;0;0;0;0;3.2;0;0;0;0;0;0;0;0;0;0;0;0;0;0;0;0;0;0;0;0;0;0;0;0;0;0;0;0;0;0;0;0;0;0;0;0;0;0;0;6.4;3.2;3.2;0;0;0;0;0;0;0;0;54.4;0;0;0;108.8;1385.6;0;0;0;0;0;0;0;0;0;0;0;16;19.2;0;28.8;0;3.2;182.4;22.4
LET07;int;flow;0;0;0;0;1155.2;0;0;0;0;0;0;1523.2;0;0;0;41.6;0;0;0;0;0;0;0;0;0;0;0;0;0;0;0;0;6.4;0;0;0;0;0;0;3.2;0;0;0;0;0;0;0;0;0;0;3.2;0;0;0;0;0;0;0;3.2;0;0;0;0;0;0;0;0;0;0;0;0;0;0;0;0;0;0;0;22.4;3.2;0;0;0;0;0;0;0;0;0;0;32;0;3.2;0;233.6;166.4;0;0;0;0;0;0;0;0;0;0;0;9.6;22.4;0;3.2;0;0;92.8;38.4
LET08;int;pool;0;0;0;0;214.4;0;9.6;0;0;0;0;147.2;0;0;0;0;0;0;0;0;0;0;0;0;0;0;0;0;0;0;0;0;0;0;0;0;0;0;0;0;0;0;0;0;0;0;0;0;0;0;0;0;0;0;0;0;0;0;0;0;0;0;0;0;0;0;0;0;0;0;0;0;0;0;0;0;0;0;9.6;0;0;3.2;0;0;0;0;0;0;0;0;12.8;0;0;3.2;64;51.2;0;0;0;0;0;0;0;0;0;0;0;3.2;0;0;0;0;0;48;3.2
LET09;int;pool;0;0;0;0;518.4;0;3.2;0;0;0;0;448;0;0;0;0;0;0;0;0;0;0;0;0;0;0;0;0;0;0;0;0;0;0;0;0;0;0;0;0;0;0;3.2;0;0;0;0;0;0;0;0;3.2;0;0;0;0;0;0;0;0;0;0;0;0;0;0;0;0;0;0;0;0;0;0;0;0;0;0;32;0;0;48;0;0;0;0;0;0;0;6.4;32;0;0;3.2;64;201.6;0;0;0;0;0;0;0;0;0;0;0;12.8;0;3.2;0;0;0;0;6.4
LET11;int;flow;0;0;6.4;0;963.2;0;3.2;0;0;0;0;128;0;0;0;0;0;0;0;0;0;0;0;0;0;0;0;0;3.2;0;0;0;0;0;0;0;0;0;0;0;0;0;0;0;0;0;0;0;0;0;0;0;0;0;0;0;0;0;0;0;0;0;0;0;0;0;0;0;0;0;0;0;0;0;0;0;0;0;0;0;0;0;3.2;0;0;0;0;0;0;3.2;25.6;0;0;6.4;35.2;534.4;0;0;0;0;0;9.6;0;0;0;0;0;6.4;25.6;0;0;0;0;83.2;0
LET12;int;flow;0;0;0;0;995.2;0;25.6;0;0;0;0;99.2;0;0;0;0;0;0;0;0;0;0;0;0;0;0;0;0;0;0;0;0;0;0;0;0;0;0;0;0;0;0;0;0;0;3.2;0;0;0;0;0;0;0;0;0;0;0;0;0;0;0;0;0;0;0;0;0;0;0;0;0;0;0;0;0;0;0;0;0;0;0;0;0;0;0;0;0;0;0;12.8;41.6;0;0;22.4;19.2;614.4;0;0;0;0;0;12.8;0;0;0;0;0;0;19.2;0;0;0;0;140.8;3.2
NAG03;per;per;0;0;0;0;0;0;41.6;0;0;0;0;0;0;0;0;0;0;0;0;0;0;0;0;0;0;0;0;0;0;0;0;0;0;0;0;0;0;0;0;0;0;0;0;0;0;0;0;0;0;0;0;0;0;0;0;0;0;0;0;0;0;0;0;0;0;0;0;0;0;0;0;0;0;0;0;0;0;0;0;0;0;0;0;0;0;0;0;0;0;0;0;0;0;0;0;0;0;0;0;0;0;0;0;0;0;0;0;0;0;0;0;0;0;0;0
NAG04;per;per;0;0;0;0;0;0;48;0;0;0;0;0;0;0;0;451.2;0;0;0;0;0;0;12.8;0;0;6.4;0;0;12.8;0;0;0;0;0;0;0;0;0;0;0;0;0;0;3.2;0;0;0;0;6.4;0;0;0;0;0;0;0;0;0;0;0;0;0;0;0;0;0;0;0;0;0;19.2;35.2;0;0;0;0;0;0;0;0;0;0;0;0;0;3.2;0;0;0;0;0;0;0;0;0;0;0;0;0;0;0;0;0;0;0;0;3.2;0;0;9.6;0;0;6.4;0;0
NAG05;per;per;0;0;3.2;0;0;0;35.2;0;0;0;0;0;0;3.2;0;179.2;0;0;0;0;0;0;0;0;0;0;0;0;0;0;0;0;0;0;0;0;0;0;0;0;0;0;0;6.4;0;0;0;0;3.2;0;0;0;0;0;0;3.2;0;0;0;0;0;0;0;0;0;0;0;0;0;0;0;16;0;0;0;0;0;0;0;0;0;12.8;0;0;0;0;0;0;0;0;0;0;0;0;0;0;0;0;0;0;0;0;0;3.2;0;0;0;0;0;0;0;0;3.2;0;0
NAG06;per;per;0;0;0;16;0;3.2;2083.2;0;0;0;0;0;0;0;0;224;0;0;0;0;0;0;0;0;0;3.2;0;0;6.4;3.2;0;0;0;0;0;0;0;0;0;0;0;0;0;9.6;0;0;0;6.4;0;0;6.4;0;0;0;0;6.4;0;0;3.2;0;0;0;0;0;0;0;0;0;0;0;0;0;0;0;0;0;0;0;0;0;3.2;25.6;0;9.6;0;0;0;0;0;0;0;0;0;0;3.2;0;0;0;0;0;0;0;0;0;0;0;0;0;0;0;99.2;0;0;0;0
NAG07;per;per;0;0;0;6.4;0;0;1488;0;0;0;0;0;0;0;0;9.6;0;0;0;0;0;0;0;0;0;0;0;0;0;0;0;0;0;0;0;0;0;0;0;0;0;0;0;12.8;0;0;0;0;0;0;0;0;0;0;0;0;0;0;0;0;0;0;0;0;0;0;0;0;0;0;0;0;0;0;0;0;0;0;0;0;0;0;0;0;0;0;0;0;0;0;3.2;0;0;0;0;0;0;0;0;0;0;0;0;0;0;0;0;0;0;6.4;6.4;0;0;0;0
NAG08;per;per;0;0;0;0;0;3.2;1059.2;0;0;0;0;0;0;0;0;16;0;0;0;0;0;0;0;0;0;0;0;0;0;0;0;0;0;0;0;0;0;0;0;0;0;0;0;0;0;0;0;0;0;0;0;3.2;0;0;0;9.6;0;0;3.2;0;0;0;0;0;0;0;0;0;0;0;0;0;0;0;0;0;0;0;0;0;3.2;0;0;0;0;0;0;0;0;0;0;0;0;0;0;3.2;0;0;0;0;0;0;0;0;3.2;0;0;0;0;0;0;0;0;0;0
NAG09;per;per;0;0;0;0;0;0;9164.8;0;0;0;0;0;0;3.2;0;19.2;6.4;0;0;0;0;0;9.6;0;0;0;0;0;0;0;0;0;0;0;0;0;0;0;6.4;0;0;0;0;0;0;0;0;0;0;0;0;0;0;0;0;0;0;0;0;0;0;0;0;0;0;0;0;0;0;0;0;0;0;0;0;0;0;0;0;0;0;0;3.2;0;0;0;0;0;0;0;12.8;0;0;0;6.4;0;0;0;0;0;0;0;0;0;0;0;0;0;0;0;0;0;0;0;0
NAG10;per;per;0;0;0;0;0;0;3424;0;0;0;0;0;0;0;0;9.6;0;0;0;0;0;0;0;0;0;0;3.2;0;3.2;0;6.4;0;0;0;0;0;0;0;0;0;6.4;3.2;6.4;0;0;0;0;0;0;0;0;12.8;0;0;0;0;0;0;3.2;0;0;0;0;0;0;3.2;0;0;0;0;0;0;0;0;0;0;0;0;0;3.2;163.2;3.2;0;0;0;0;0;0;0;0;0;0;0;0;0;9.6;0;0;0;0;3.2;0;0;0;3.2;0;0;0;0;3.2;0;0;0;0;0
NAG11;per;per;0;0;0;0;0;0;2528;0;0;0;0;0;0;0;0;16;0;0;0;0;0;0;0;0;0;0;0;0;9.6;0;0;0;0;0;0;0;0;0;0;0;0;0;0;0;0;0;0;0;0;0;0;0;0;0;0;3.2;0;0;0;0;0;0;0;0;0;0;0;0;0;0;0;0;0;0;0;0;0;0;0;0;67.2;0;6.4;0;0;0;0;0;0;0;3.2;0;0;0;0;0;0;0;0;0;0;0;0;0;0;0;0;0;0;0;0;0;0;0;0
NAG12;per;per;0;0;0;0;0;0;3152;0;0;0;0;0;0;0;0;60.8;6.4;0;0;0;0;0;0;0;0;0;0;0;0;0;0;0;0;0;0;0;0;0;0;0;0;0;0;0;0;0;0;0;0;0;0;0;0;0;0;0;0;0;0;0;0;0;0;0;0;0;0;0;0;0;0;0;0;3.2;0;0;0;0;0;0;6.4;0;0;0;0;0;0;0;0;0;0;0;0;0;0;0;0;0;0;0;0;0;0;0;0;959.2;0;0;0;0;0;0;0;0;0
VID04;int;pool;0;0;0;3.2;0;0;121.6;0;0;0;0;0;0;0;0;28.8;0;0;0;0;0;0;0;0;0;0;0;19.2;3.2;0;0;0;0;0;0;0;0;0;0;0;0;0;0;3.2;0;0;0;0;6.4;0;0;0;0;0;0;9.6;0;0;0;0;0;0;0;0;0;0;0;0;0;0;0;0;0;0;0;0;0;0;0;0;0;0;0;0;0;0;0;0;0;0;0;0;0;0;0;22.4;0;0;0;0;0;0;0;0;0;0;0;0;0;0;0;0;0;0;0
VID07;int;flow;0;0;0;0;0;0;99.2;0;0;0;0;0;0;0;0;0;0;0;0;0;0;0;160;0;0;0;0;0;0;0;0;0;0;0;0;0;0;0;0;0;0;0;0;0;0;0;0;0;0;0;0;0;0;0;0;0;0;0;0;0;0;0;0;0;0;0;0;0;0;0;0;0;0;0;0;0;0;0;0;0;0;0;0;0;0;0;0;0;0;0;0;0;0;0;0;19.2;0;0;0;0;0;0;0;0;0;0;0;0;0;0;0;0;0;0;0
